method,review_budget,reviewed_count,review_rate,coverage,selective_accuracy,selective_risk,selective_macro_f1,detected_false_supports,missed_false_supports,incorrectly_reviewed_correct_supports,error_detection_precision,error_detection_recall,accepted_support_predictions,accepted_support_precision,accepted_false_support_rate,oracle_review_accuracy_upper_bound
self_reported_confidence,15,15,0.05,0.95,0.5859649122807018,0.4140350877192982,0.5731904900685013,7,46,8,0.4666666666666667,0.1320754716981132,109,0.5779816513761468,0.42201834862385323,0.6066666666666667
rule_matched_budget,15,15,0.05,0.95,0.5824561403508772,0.4175438596491228,0.5697267501378062,6,47,9,0.4,0.11320754716981132,109,0.5688073394495412,0.43119266055045874,0.6033333333333334
full_without_dataset_source,15,15,0.05,0.95,0.5929824561403508,0.40701754385964917,0.5792182306059513,9,44,6,0.6,0.16981132075471697,109,0.5963302752293578,0.4036697247706422,0.6133333333333333
