method,support_predictions,error_events,non_error_events,auroc,average_precision,brier_score,ece_10_bins,mean_risk_false_support,mean_risk_correct_support
self_reported_confidence,124,53,71,0.6101514748870581,0.4920841890423587,0.3510540322580645,0.33749999999999997,0.10773584905660377,0.08788732394366199
rule_matched_budget,124,53,71,0.5033218176986447,0.43172536698829234,0.3083266129032258,0.23185483870967738,0.560377358490566,0.5584507042253519
full_without_dataset_source,124,53,71,0.5118256710071751,0.4839238198922775,0.2665960523793202,0.15274249145232457,0.4621256914238518,0.46304266632586205
